[
	{
		"id":"G001",
		"imgurl":"../img/27.jpg"
	},
	{
		"id":"G002",
		"imgurl":"../img/28.jpg"
	},
	{
		"id":"G003",
		"imgurl":"../img/29.jpg"
	},
	{
		"id":"G004",
		"imgurl":"../img/30.jpg"
	},
	{
		"id":"G005",
		"imgurl":"../img/32.jpg"
	},
	{
		"id":"G006",
		"imgurl":"../img/33.jpg"
	},
	{
		"id":"G007",
		"imgurl":"../img/34.jpg"
	},
	{
		"id":"G008",
		"imgurl":"../img/35.jpg"
	},
	{
		"id":"G009",
		"imgurl":"../img/36.jpg"
	},
	{
		"id":"G0010",
		"imgurl":"../img/37.jpg"
	}
]
