[
	{
		"id":"s001",
		"title":"拱辰享阴阳平衡水乳霜中3小样三件套",
		"imgurl":"../img/54.jpg",
		"url":"detail.html",
		"price":199,
		"off":0.4,
		"collect":3000,
		"commentCount":10002
	},
	{
		"id":"s002",
		"title":"云淡风清男士香水(30ml)",
		"imgurl":"../img/55.jpg",
		"url":" detail.html",
		"price":998,
		"off":0.2,
		"collect":3000,
		"commentCount":10002
	},
	{
		"id":"s003",
		"title":"波路梦什锦曲奇饼干60枚(306g 什锦曲奇)",
		"imgurl":"../img/56.jpg",
		"url":" detail.html",
		"price":68,
		"off":0.7,
		"collect":3000,
		"commentCount":10002
	},
	{
		"id":"s004",
		"title":"菲米佳巧克力华夫威化饼干150g",
		"imgurl":"../img/55.jpg",
		"url":" detail.html",
		"price":23,
		"off":0.5,
		"collect":3000,
		"commentCount":10002
	},
	{
		"id":"s005",
		"title":"圣贵兰意大利即溶咖啡粉-特级香浓咖啡 100g",
		"imgurl":"../img/56.jpg",
		"url":" detail.html",
		"price":78,
		"off":0.8,
		"collect":3000,
		"commentCount":10002
	},
	{
		"id":"s006",
		"title":"韩版单宽条宽松小脚休闲裤黑色(S)",
		"imgurl":"../img/57.jpg",
		"url":" detail.html",
		"price":238,
		"off":0.5,
		"collect":3000,
		"commentCount":10002
	}
	
]