[
	{
	
		"id":"G001",
		"title":"DHC美白淡斑精华液",
		"category":"shoes",
		"imgurl":"../img/data_img/1_R.jpg",
		"img":"../img/data_img/topbr.jpg",
		"url":"#",
		"price":399,
		"off":0.2,
		"star":4,
		"commentCount":10002
	},
	{
		"id":"G002",
		"title":"DHC美白淡斑精华液",
		"category":"shoes",
		"imgurl":"../img/data_img/104_R.jpg",
		"img":"../img/data_img/topbr.jpg",
		"url":"#",
		"price":598,
		"off":0.2,
		"star":4,
		"commentCount":10002
	},
	{
		"id":"G003",
		"title":"DHC美白淡斑精华液",
		"category":"shoes",
		"imgurl":"../img/data_img/16_R.jpg",
		"img":"../img/data_img/topbr.jpg",
		"url":"#",
		"price":398,
		"off":0.2,
		"star":4,
		"commentCount":10002
	},
	{
		"id":"G004",
		"title":"DHC美白淡斑精华液",
		"category":"shoes",
		"imgurl":"../img/data_img/169_R.jpg",
		"img":"../img/data_img/topbr.jpg",
		"url":"#",
		"price":998,
		"off":0.2,
		"star":4,
		"commentCount":10002
	},
	{
		"id":"G005",
		"title":"DHC美白淡斑精华液",
		"category":"shoes",
		"imgurl":"../img/data_img/22128_R.jpg",
		"img":"../img/data_img/topbr.jpg",
		"url":"#",
		"price":198,
		"off":0.2,
		"star":4,
		"commentCount":10002
	},
	{
		"id":"G006",
		"title":"DHC美白淡斑精华液",
		"category":"shoes",
		"imgurl":"../img/data_img/22144_R.jpg",
		"img":"../img/data_img/topbr.jpg",
		"url":"#",
		"price":6998,
		"off":0.2,
		"star":4,
		"commentCount":10002
	},
	{
		"id":"G007",
		"title":"DHC美白淡斑精华液",
		"category":"shoes",
		"imgurl":"../img/data_img/22145_R.jpg",
		"img":"../img/data_img/topbr.jpg",
		"url":"#",
		"price":3998,
		"off":0.2,
		"star":4,
		"commentCount":10002
	},
	{
		"id":"G008",
		"title":"DHC美白淡斑精华液",
		"category":"shoes",
		"imgurl":"../img/data_img/22146_R.jpg",
		"img":"../img/data_img/topbr.jpg",
		"url":"#",
		"price":698,
		"off":0.2,
		"star":4,
		"commentCount":10002
	},
	{
		"id":"G009",
		"title":"DHC美白淡斑精华液",
		"category":"shoes",
		"imgurl":"../img/data_img/22147_R.jpg",
		"img":"../img/data_img/topbr.jpg",
		"url":"#",
		"price":1998,
		"off":0.2,
		"star":4,
		"commentCount":10002
	},
	{
		"id":"G0010",
		"title":"DHC美白淡斑精华液",
		"category":"shoes",
		"imgurl":"../img/data_img/22173_R.jpg",
		"img":"../img/data_img/topbr.jpg",
		"url":"#",
		"price":2016,
		"off":0.2,
		"star":4,
		"commentCount":10002
	},
	{
		"id":"G0011",
		"title":"DHC美白淡斑精华液",
		"category":"shoes",
		"imgurl":"../img/data_img/22207_R.jpg",
		"img":"../img/data_img/topbr.jpg",
		"url":"#",
		"price":2008,
		"off":0.2,
		"star":4,
		"commentCount":10002
	},
	{
		"id":"G0012",
		"title":"DHC美白淡斑精华液",
		"category":"shoes",
		"imgurl":"../img/data_img/22224_R.jpg",
		"img":"../img/data_img/topbr.jpg",
		"url":"#",
		"price":2888,
		"off":0.2,
		"star":4,
		"commentCount":10002
	},
	{
		"id":"G0013",
		"title":"vDHC美白淡斑精华液",
		"category":"shoes",
		"imgurl":"../img/data_img/22227_R.jpg",
		"img":"../img/data_img/topbr.jpg",
		"url":"#",
		"price":1998,
		"off":0.2,
		"star":4,
		"commentCount":10002
	},
	{
		"id":"G0014",
		"title":"DHC美白淡斑精华液",
		"category":"shoes",
		"imgurl":"../img/data_img/22229_R.jpg",
		"img":"../img/data_img/topbr.jpg",
		"url":"#",
		"price":999,
		"off":0.2,
		"star":4,
		"commentCount":10002
	},
	{
		"id":"G0015",
		"title":"DHC美白淡斑精华液",
		"category":"shoes",
		"imgurl":"../img/data_img/22230_R.jpg",
		"img":"../img/data_img/topbr.jpg",
		"url":"#",
		"price":199,
		"off":0.2,
		"star":4,
		"commentCount":10002
	},
	{
		"id":"G0016",
		"title":"DHC美白淡斑精华液",
		"category":"shoes",
		"imgurl":"../img/data_img/22231_R.jpg",
		"img":"../img/data_img/topbr.jpg",
		"url":"#",
		"price":888,
		"off":0.2,
		"star":4,
		"commentCount":10002
	},
	{
		"id":"G0017",
		"title":"DHC美白淡斑精华液",
		"category":"shoes",
		"imgurl":"../img/data_img/22233_R.jpg",
		"img":"../img/data_img/topbr.jpg",
		"url":"#",
		"price":288,
		"off":0.2,
		"star":4,
		"commentCount":10002
	},
	{
		"id":"G0018",
		"title":"DHC美白淡斑精华液",
		"category":"shoes",
		"imgurl":"../img/data_img/22234_R.jpg",
		"img":"../img/data_img/topbr.jpg",
		"url":"#",
		"price":98,
		"off":0.2,
		"star":4,
		"commentCount":10002
	},
	{
		"id":"G0019",
		"title":"DHC美白淡斑精华液",
		"category":"shoes",
		"imgurl":"../img/data_img/22243_R.jpg",
		"img":"../img/data_img/topbr.jpg",
		"url":"#",
		"price":998,
		"off":0.2,
		"star":4,
		"commentCount":10002
	},
	{
		"id":"G0020",
		"title":"DHC美白淡斑精华液",
		"category":"shoes",
		"imgurl":"../img/data_img/22262_R.jpg",
		"img":"../img/data_img/topbr.jpg",
		"url":"#",
		"price":299,
		"off":0.2,
		"star":4,
		"commentCount":10002
	}
	
	
	
]